,timestamp,buyer,seller,symbol,currency,price,quantity
0,0,,SUBMISSION,KELP,SEASHELLS,2028,1
1,0,,SUBMISSION,RAINFOREST_RESIN,SEASHELLS,10002,1
2,0,,,KELP,SEASHELLS,2029,13
3,0,,,KELP,SEASHELLS,2029,1
4,0,,,RAINFOREST_RESIN,SEASHELLS,10004,1
5,100,,SUBMISSION,KELP,SEASHELLS,2025,22
6,100,,SUBMISSION,KELP,SEASHELLS,2025,2
7,100,,SUBMISSION,RAINFOREST_RESIN,SEASHELLS,9996,2
8,200,,SUBMISSION,KELP,SEASHELLS,2025,2
9,200,,SUBMISSION,KELP,SEASHELLS,2025,20
10,200,,SUBMISSION,RAINFOREST_RESIN,SEASHELLS,9995,20
11,300,,SUBMISSION,RAINFOREST_RESIN,SEASHELLS,9996,2
12,400,,SUBMISSION,RAINFOREST_RESIN,SEASHELLS,9996,2
13,600,,SUBMISSION,RAINFOREST_RESIN,SEASHELLS,10000,5
14,700,,SUBMISSION,KELP,SEASHELLS,2025,2
15,800,,SUBMISSION,KELP,SEASHELLS,2024,1
16,800,,SUBMISSION,RAINFOREST_RESIN,SEASHELLS,9996,1
17,900,,SUBMISSION,RAINFOREST_RESIN,SEASHELLS,9996,1
18,1100,,SUBMISSION,RAINFOREST_RESIN,SEASHELLS,9996,2
19,1100,,,RAINFOREST_RESIN,SEASHELLS,9995,10
20,1300,,SUBMISSION,RAINFOREST_RESIN,SEASHELLS,10002,1
21,1400,,SUBMISSION,RAINFOREST_RESIN,SEASHELLS,9996,1
22,1700,,SUBMISSION,RAINFOREST_RESIN,SEASHELLS,9996,2
23,1700,,,KELP,SEASHELLS,2026,8
24,1700,,,RAINFOREST_RESIN,SEASHELLS,10002,1
25,1800,,SUBMISSION,RAINFOREST_RESIN,SEASHELLS,10002,1
26,1900,,SUBMISSION,RAINFOREST_RESIN,SEASHELLS,9996,1
27,1900,,,KELP,SEASHELLS,2026,1
28,2000,,SUBMISSION,RAINFOREST_RESIN,SEASHELLS,9996,2
29,2000,,,RAINFOREST_RESIN,SEASHELLS,9998,1
30,2100,,SUBMISSION,RAINFOREST_RESIN,SEASHELLS,9996,2
31,2400,,,KELP,SEASHELLS,2025,1
32,2500,,SUBMISSION,RAINFOREST_RESIN,SEASHELLS,9996,1
33,2900,,SUBMISSION,RAINFOREST_RESIN,SEASHELLS,9996,1
34,2900,,,RAINFOREST_RESIN,SEASHELLS,9995,12
35,3000,,SUBMISSION,RAINFOREST_RESIN,SEASHELLS,9998,1
36,3000,,,KELP,SEASHELLS,2027,1
37,3000,,,RAINFOREST_RESIN,SEASHELLS,10005,1
38,3100,,,KELP,SEASHELLS,2023,2
39,3100,,,RAINFOREST_RESIN,SEASHELLS,9996,2
40,3200,,SUBMISSION,RAINFOREST_RESIN,SEASHELLS,9996,1
41,3200,,,KELP,SEASHELLS,2023,2
42,3200,,,RAINFOREST_RESIN,SEASHELLS,9995,2
43,3700,,,RAINFOREST_RESIN,SEASHELLS,10002,1
44,3800,,,KELP,SEASHELLS,2023,14
45,3800,,,KELP,SEASHELLS,2023,1
46,3800,,,RAINFOREST_RESIN,SEASHELLS,9996,1
47,4200,,,RAINFOREST_RESIN,SEASHELLS,9996,2
48,4300,,,KELP,SEASHELLS,2025,1
49,4300,,,KELP,SEASHELLS,2023,2
50,4300,,,RAINFOREST_RESIN,SEASHELLS,9995,2
51,4500,,,KELP,SEASHELLS,2023,1
52,4700,,,KELP,SEASHELLS,2023,7
53,4800,,,KELP,SEASHELLS,2027,2
54,4800,,,RAINFOREST_RESIN,SEASHELLS,10004,2
55,5300,,,KELP,SEASHELLS,2025,1
56,5700,,,KELP,SEASHELLS,2024,1
57,6100,,,KELP,SEASHELLS,2024,1
58,6500,,,RAINFOREST_RESIN,SEASHELLS,9998,1
59,6600,,,RAINFOREST_RESIN,SEASHELLS,10004,2
60,6700,,,RAINFOREST_RESIN,SEASHELLS,10002,3
61,6900,,,KELP,SEASHELLS,2026,1
62,6900,,,RAINFOREST_RESIN,SEASHELLS,10002,1
63,7000,,,KELP,SEASHELLS,2027,2
64,7000,,,RAINFOREST_RESIN,SEASHELLS,10005,2
65,7300,,,KELP,SEASHELLS,2027,2
66,7300,,,RAINFOREST_RESIN,SEASHELLS,10004,2
67,7400,,,KELP,SEASHELLS,2024,1
68,7700,,,KELP,SEASHELLS,2024,1
69,8100,,,KELP,SEASHELLS,2027,1
70,8100,,,RAINFOREST_RESIN,SEASHELLS,9996,1
71,8100,,,RAINFOREST_RESIN,SEASHELLS,9996,1
72,8600,,,KELP,SEASHELLS,2023,1
73,8800,,,RAINFOREST_RESIN,SEASHELLS,9998,1
74,9200,,,KELP,SEASHELLS,2025,1
75,10300,,,KELP,SEASHELLS,2024,1
76,10300,,,RAINFOREST_RESIN,SEASHELLS,9998,1
77,10400,,,RAINFOREST_RESIN,SEASHELLS,10002,1
78,10800,,,RAINFOREST_RESIN,SEASHELLS,10004,2
79,10800,,,RAINFOREST_RESIN,SEASHELLS,10004,10
80,11100,,,RAINFOREST_RESIN,SEASHELLS,9998,3
81,11100,,,RAINFOREST_RESIN,SEASHELLS,9998,4
82,11300,,,KELP,SEASHELLS,2022,3
83,11400,,,KELP,SEASHELLS,2022,2
84,11400,,,RAINFOREST_RESIN,SEASHELLS,9996,1
85,11500,,,RAINFOREST_RESIN,SEASHELLS,10002,2
86,11700,,,KELP,SEASHELLS,2023,2
87,11800,,,KELP,SEASHELLS,2025,1
88,12000,,,RAINFOREST_RESIN,SEASHELLS,10002,1
89,12400,,,KELP,SEASHELLS,2026,15
90,12500,,,KELP,SEASHELLS,2023,1
91,13000,,,KELP,SEASHELLS,2025,1
92,13000,,,RAINFOREST_RESIN,SEASHELLS,10002,1
93,13200,,,RAINFOREST_RESIN,SEASHELLS,9998,2
94,13300,,,KELP,SEASHELLS,2026,2
95,13300,,,RAINFOREST_RESIN,SEASHELLS,10005,2
96,13600,,,KELP,SEASHELLS,2023,1
97,14200,,,KELP,SEASHELLS,2023,1
98,15000,,,KELP,SEASHELLS,2024,2
99,15200,,,KELP,SEASHELLS,2022,1
100,15300,,,RAINFOREST_RESIN,SEASHELLS,10002,1
101,15400,,,RAINFOREST_RESIN,SEASHELLS,9998,1
102,15600,,,KELP,SEASHELLS,2025,2
103,15600,,,RAINFOREST_RESIN,SEASHELLS,10004,2
104,15700,,,RAINFOREST_RESIN,SEASHELLS,10002,1
105,15800,,,KELP,SEASHELLS,2025,1
106,16200,,,KELP,SEASHELLS,2023,1
107,16200,,,KELP,SEASHELLS,2023,1
108,16200,,,RAINFOREST_RESIN,SEASHELLS,9998,1
109,16300,,,RAINFOREST_RESIN,SEASHELLS,10004,1
110,16400,,,RAINFOREST_RESIN,SEASHELLS,10002,1
111,16600,,,KELP,SEASHELLS,2023,1
112,16700,,,KELP,SEASHELLS,2025,1
113,16700,,,RAINFOREST_RESIN,SEASHELLS,10002,1
114,16800,,,RAINFOREST_RESIN,SEASHELLS,9995,5
115,18200,,,KELP,SEASHELLS,2024,4
116,18200,,,KELP,SEASHELLS,2024,1
117,18500,,,KELP,SEASHELLS,2026,1
118,19000,,,KELP,SEASHELLS,2024,10
119,19300,,,KELP,SEASHELLS,2024,1
120,19300,,,RAINFOREST_RESIN,SEASHELLS,9996,1
121,19700,,,KELP,SEASHELLS,2024,1
122,19700,,,RAINFOREST_RESIN,SEASHELLS,10002,1
123,20100,,,RAINFOREST_RESIN,SEASHELLS,10002,4
124,20100,,,RAINFOREST_RESIN,SEASHELLS,10002,1
125,20200,,,RAINFOREST_RESIN,SEASHELLS,9998,1
126,20300,,,KELP,SEASHELLS,2024,1
127,20400,,,KELP,SEASHELLS,2025,4
128,20500,,,RAINFOREST_RESIN,SEASHELLS,9998,1
129,20700,,,RAINFOREST_RESIN,SEASHELLS,10002,1
130,21200,,,RAINFOREST_RESIN,SEASHELLS,9998,1
131,21300,,,RAINFOREST_RESIN,SEASHELLS,9996,1
132,21300,,,RAINFOREST_RESIN,SEASHELLS,9996,7
133,21700,,,KELP,SEASHELLS,2027,8
134,22100,,,KELP,SEASHELLS,2024,1
135,22200,,,RAINFOREST_RESIN,SEASHELLS,9998,6
136,22400,,,RAINFOREST_RESIN,SEASHELLS,9998,1
137,22500,,,KELP,SEASHELLS,2026,11
138,22700,,,KELP,SEASHELLS,2023,1
139,22800,,,KELP,SEASHELLS,2023,1
140,22800,,,RAINFOREST_RESIN,SEASHELLS,9998,2
141,23200,,,KELP,SEASHELLS,2023,2
142,23200,,,RAINFOREST_RESIN,SEASHELLS,9998,2
143,23300,,,RAINFOREST_RESIN,SEASHELLS,9998,1
144,23500,,,KELP,SEASHELLS,2023,1
145,23700,,,RAINFOREST_RESIN,SEASHELLS,10002,1
146,23900,,,KELP,SEASHELLS,2025,1
147,24100,,,KELP,SEASHELLS,2025,1
148,24100,,,RAINFOREST_RESIN,SEASHELLS,9996,1
149,24100,,,RAINFOREST_RESIN,SEASHELLS,9996,7
150,24500,,,KELP,SEASHELLS,2022,2
151,24500,,,RAINFOREST_RESIN,SEASHELLS,10002,1
152,24600,,,KELP,SEASHELLS,2024,5
153,24600,,,RAINFOREST_RESIN,SEASHELLS,9998,2
154,24900,,,KELP,SEASHELLS,2024,4
155,25100,,,RAINFOREST_RESIN,SEASHELLS,10002,1
156,25200,,,KELP,SEASHELLS,2025,1
157,25200,,,RAINFOREST_RESIN,SEASHELLS,10002,1
158,25200,,,RAINFOREST_RESIN,SEASHELLS,9998,3
159,25200,,,RAINFOREST_RESIN,SEASHELLS,9998,5
160,25300,,,KELP,SEASHELLS,2023,1
161,25700,,,RAINFOREST_RESIN,SEASHELLS,10004,2
162,25800,,,KELP,SEASHELLS,2023,1
163,26000,,,KELP,SEASHELLS,2023,7
164,26300,,,RAINFOREST_RESIN,SEASHELLS,9998,1
165,26400,,,KELP,SEASHELLS,2023,1
166,26600,,,RAINFOREST_RESIN,SEASHELLS,9998,1
167,26900,,,KELP,SEASHELLS,2023,1
168,27300,,,KELP,SEASHELLS,2025,1
169,27600,,,KELP,SEASHELLS,2023,1
170,27600,,,RAINFOREST_RESIN,SEASHELLS,9998,4
171,27700,,,KELP,SEASHELLS,2023,5
172,27800,,,KELP,SEASHELLS,2025,1
173,27900,,,KELP,SEASHELLS,2025,1
174,28200,,,KELP,SEASHELLS,2025,5
175,28200,,,RAINFOREST_RESIN,SEASHELLS,9998,2
176,28400,,,KELP,SEASHELLS,2023,1
177,29000,,,KELP,SEASHELLS,2024,1
178,29000,,,RAINFOREST_RESIN,SEASHELLS,10005,8
179,29300,,,KELP,SEASHELLS,2026,2
180,29300,,,KELP,SEASHELLS,2026,10
181,29400,,,KELP,SEASHELLS,2024,1
182,29400,,,RAINFOREST_RESIN,SEASHELLS,10002,1
183,29700,,,KELP,SEASHELLS,2024,1
184,30000,,,RAINFOREST_RESIN,SEASHELLS,9998,1
185,30000,,,RAINFOREST_RESIN,SEASHELLS,9998,3
186,30200,,,KELP,SEASHELLS,2027,10
187,30300,,,KELP,SEASHELLS,2026,1
188,30600,,,KELP,SEASHELLS,2024,1
189,30600,,,KELP,SEASHELLS,2027,1
190,30600,,,RAINFOREST_RESIN,SEASHELLS,10002,1
191,31300,,,KELP,SEASHELLS,2023,13
192,31600,,,KELP,SEASHELLS,2025,1
193,31900,,,RAINFOREST_RESIN,SEASHELLS,10005,2
194,32400,,,KELP,SEASHELLS,2023,1
195,32500,,,KELP,SEASHELLS,2023,1
196,32600,,,KELP,SEASHELLS,2027,2
197,32600,,,RAINFOREST_RESIN,SEASHELLS,10005,2
198,32600,,,RAINFOREST_RESIN,SEASHELLS,10002,1
199,32800,,,RAINFOREST_RESIN,SEASHELLS,9996,2
200,33000,,,RAINFOREST_RESIN,SEASHELLS,10002,6
201,33100,,,KELP,SEASHELLS,2023,1
202,33200,,,KELP,SEASHELLS,2023,1
203,33200,,,KELP,SEASHELLS,2024,10
204,33500,,,KELP,SEASHELLS,2026,1
205,33500,,,RAINFOREST_RESIN,SEASHELLS,10004,1
206,33600,,,RAINFOREST_RESIN,SEASHELLS,10002,6
207,34000,,,KELP,SEASHELLS,2023,1
208,34100,,,RAINFOREST_RESIN,SEASHELLS,9996,1
209,34100,,,RAINFOREST_RESIN,SEASHELLS,9996,2
210,34200,,,KELP,SEASHELLS,2022,9
211,34300,,,RAINFOREST_RESIN,SEASHELLS,10002,1
212,34600,,,KELP,SEASHELLS,2023,1
213,35000,,,KELP,SEASHELLS,2025,1
214,35000,,,RAINFOREST_RESIN,SEASHELLS,10002,1
215,35100,,,RAINFOREST_RESIN,SEASHELLS,10002,3
216,35300,,,KELP,SEASHELLS,2025,1
217,35300,,,KELP,SEASHELLS,2023,8
218,35400,,,KELP,SEASHELLS,2025,1
219,35400,,,RAINFOREST_RESIN,SEASHELLS,10002,3
220,35800,,,KELP,SEASHELLS,2023,2
221,36100,,,RAINFOREST_RESIN,SEASHELLS,10002,1
222,36200,,,RAINFOREST_RESIN,SEASHELLS,9998,1
223,36400,,,KELP,SEASHELLS,2024,1
224,36500,,,KELP,SEASHELLS,2023,2
225,37300,,,KELP,SEASHELLS,2021,1
226,37500,,,KELP,SEASHELLS,2020,1
227,37500,,,RAINFOREST_RESIN,SEASHELLS,9996,1
228,37800,,,KELP,SEASHELLS,2020,1
229,38400,,,KELP,SEASHELLS,2020,6
230,38500,,,RAINFOREST_RESIN,SEASHELLS,10002,1
231,38600,,,KELP,SEASHELLS,2019,1
232,38600,,,RAINFOREST_RESIN,SEASHELLS,9996,1
233,38800,,,RAINFOREST_RESIN,SEASHELLS,9996,1
234,39200,,,KELP,SEASHELLS,2022,1
235,39200,,,RAINFOREST_RESIN,SEASHELLS,9998,1
236,39400,,,KELP,SEASHELLS,2022,1
237,39400,,,RAINFOREST_RESIN,SEASHELLS,10004,1
238,39500,,,RAINFOREST_RESIN,SEASHELLS,9998,1
239,40500,,,KELP,SEASHELLS,2019,1
240,40900,,,KELP,SEASHELLS,2017,1
241,40900,,,RAINFOREST_RESIN,SEASHELLS,10004,2
242,40900,,,RAINFOREST_RESIN,SEASHELLS,10004,1
243,40900,,,RAINFOREST_RESIN,SEASHELLS,10004,8
244,41000,,,KELP,SEASHELLS,2018,1
245,41100,,,KELP,SEASHELLS,2018,2
246,41100,,,KELP,SEASHELLS,2018,1
247,41500,,,KELP,SEASHELLS,2019,5
248,41700,,,KELP,SEASHELLS,2018,1
249,41900,,,KELP,SEASHELLS,2020,1
250,42000,,,KELP,SEASHELLS,2018,1
251,42000,,,KELP,SEASHELLS,2020,5
252,42300,,,KELP,SEASHELLS,2019,7
253,42400,,,KELP,SEASHELLS,2019,1
254,42500,,,KELP,SEASHELLS,2019,1
255,42500,,,RAINFOREST_RESIN,SEASHELLS,10002,3
256,42500,,,RAINFOREST_RESIN,SEASHELLS,10002,1
257,42600,,,KELP,SEASHELLS,2019,2
258,42600,,,RAINFOREST_RESIN,SEASHELLS,9995,2
259,42900,,,KELP,SEASHELLS,2022,2
260,42900,,,RAINFOREST_RESIN,SEASHELLS,10005,2
261,43500,,,KELP,SEASHELLS,2020,1
262,43900,,,RAINFOREST_RESIN,SEASHELLS,10002,4
263,44500,,,KELP,SEASHELLS,2021,1
264,44800,,,RAINFOREST_RESIN,SEASHELLS,9998,1
265,45000,,,RAINFOREST_RESIN,SEASHELLS,10002,1
266,45400,,,KELP,SEASHELLS,2018,1
267,45500,,,KELP,SEASHELLS,2019,3
268,45800,,,KELP,SEASHELLS,2018,1
269,45900,,,KELP,SEASHELLS,2022,2
270,45900,,,RAINFOREST_RESIN,SEASHELLS,10004,1
271,45900,,,RAINFOREST_RESIN,SEASHELLS,10004,1
272,46600,,,KELP,SEASHELLS,2019,2
273,46600,,,RAINFOREST_RESIN,SEASHELLS,9998,2
274,46900,,,KELP,SEASHELLS,2021,1
275,47100,,,KELP,SEASHELLS,2019,4
276,47100,,,RAINFOREST_RESIN,SEASHELLS,9998,1
277,47500,,,RAINFOREST_RESIN,SEASHELLS,10002,4
278,48100,,,KELP,SEASHELLS,2019,1
279,48100,,,KELP,SEASHELLS,2019,1
280,48100,,,RAINFOREST_RESIN,SEASHELLS,9995,2
281,48600,,,KELP,SEASHELLS,2019,1
282,48600,,,KELP,SEASHELLS,2019,1
283,48600,,,RAINFOREST_RESIN,SEASHELLS,9996,1
284,49000,,,KELP,SEASHELLS,2019,1
285,49200,,,KELP,SEASHELLS,2022,11
286,49300,,,KELP,SEASHELLS,2019,1
287,49400,,,KELP,SEASHELLS,2021,9
288,49500,,,KELP,SEASHELLS,2022,6
289,49600,,,KELP,SEASHELLS,2021,1
290,49800,,,KELP,SEASHELLS,2020,5
291,49900,,,KELP,SEASHELLS,2023,2
292,49900,,,RAINFOREST_RESIN,SEASHELLS,9998,6
293,49900,,,RAINFOREST_RESIN,SEASHELLS,10005,2
294,50400,,,RAINFOREST_RESIN,SEASHELLS,9998,1
295,50600,,,KELP,SEASHELLS,2020,2
296,50600,,,KELP,SEASHELLS,2019,1
297,50600,,,KELP,SEASHELLS,2020,6
298,50600,,,RAINFOREST_RESIN,SEASHELLS,10002,1
299,51300,,,KELP,SEASHELLS,2020,13
300,51600,,,KELP,SEASHELLS,2023,2
301,51600,,,RAINFOREST_RESIN,SEASHELLS,10002,1
302,51600,,,RAINFOREST_RESIN,SEASHELLS,10002,1
303,51700,,,KELP,SEASHELLS,2020,4
304,51700,,,RAINFOREST_RESIN,SEASHELLS,9995,11
305,51900,,,RAINFOREST_RESIN,SEASHELLS,9996,1
306,52100,,,RAINFOREST_RESIN,SEASHELLS,9995,8
307,52300,,,KELP,SEASHELLS,2022,1
308,52300,,,RAINFOREST_RESIN,SEASHELLS,10002,1
309,52700,,,KELP,SEASHELLS,2019,1
310,52900,,,RAINFOREST_RESIN,SEASHELLS,10005,6
311,53900,,,KELP,SEASHELLS,2023,2
312,53900,,,RAINFOREST_RESIN,SEASHELLS,10004,2
313,54100,,,KELP,SEASHELLS,2020,1
314,54100,,,RAINFOREST_RESIN,SEASHELLS,9998,1
315,54300,,,KELP,SEASHELLS,2022,1
316,54300,,,RAINFOREST_RESIN,SEASHELLS,10004,2
317,54300,,,RAINFOREST_RESIN,SEASHELLS,10004,1
318,54600,,,RAINFOREST_RESIN,SEASHELLS,10002,3
319,54700,,,KELP,SEASHELLS,2020,4
320,55000,,,KELP,SEASHELLS,2019,1
321,55100,,,KELP,SEASHELLS,2022,2
322,55100,,,RAINFOREST_RESIN,SEASHELLS,10005,2
323,55200,,,KELP,SEASHELLS,2019,2
324,55200,,,KELP,SEASHELLS,2019,3
325,55700,,,KELP,SEASHELLS,2019,1
326,55700,,,RAINFOREST_RESIN,SEASHELLS,9996,1
327,56700,,,KELP,SEASHELLS,2020,2
328,57200,,,KELP,SEASHELLS,2019,1
329,57200,,,RAINFOREST_RESIN,SEASHELLS,10002,2
330,57500,,,KELP,SEASHELLS,2019,5
331,57800,,,RAINFOREST_RESIN,SEASHELLS,9998,1
332,57900,,,KELP,SEASHELLS,2018,2
333,57900,,,RAINFOREST_RESIN,SEASHELLS,9998,1
334,58000,,,KELP,SEASHELLS,2020,1
335,58000,,,KELP,SEASHELLS,2020,11
336,58000,,,RAINFOREST_RESIN,SEASHELLS,9998,4
337,58100,,,RAINFOREST_RESIN,SEASHELLS,10005,3
338,58400,,,KELP,SEASHELLS,2016,15
339,58600,,,RAINFOREST_RESIN,SEASHELLS,10002,1
340,58800,,,RAINFOREST_RESIN,SEASHELLS,9995,12
341,59100,,,KELP,SEASHELLS,2019,1
342,59100,,,RAINFOREST_RESIN,SEASHELLS,10005,1
343,59300,,,KELP,SEASHELLS,2016,1
344,60000,,,KELP,SEASHELLS,2018,1
345,60000,,,RAINFOREST_RESIN,SEASHELLS,9998,2
346,60000,,,RAINFOREST_RESIN,SEASHELLS,10005,1
347,60200,,,KELP,SEASHELLS,2016,1
348,60200,,,RAINFOREST_RESIN,SEASHELLS,9995,8
349,60700,,,KELP,SEASHELLS,2017,1
350,60800,,,KELP,SEASHELLS,2015,1
351,60900,,,KELP,SEASHELLS,2015,3
352,61200,,,KELP,SEASHELLS,2016,2
353,61700,,,KELP,SEASHELLS,2014,1
354,61900,,,KELP,SEASHELLS,2017,2
355,61900,,,RAINFOREST_RESIN,SEASHELLS,9998,1
356,62000,,,KELP,SEASHELLS,2016,1
357,62200,,,RAINFOREST_RESIN,SEASHELLS,10002,4
358,62300,,,RAINFOREST_RESIN,SEASHELLS,10005,2
359,62800,,,KELP,SEASHELLS,2015,1
360,62900,,,RAINFOREST_RESIN,SEASHELLS,9998,4
361,63000,,,KELP,SEASHELLS,2018,1
362,63100,,,KELP,SEASHELLS,2016,1
363,63400,,,KELP,SEASHELLS,2018,5
364,63600,,,KELP,SEASHELLS,2018,1
365,63800,,,KELP,SEASHELLS,2016,1
366,63900,,,RAINFOREST_RESIN,SEASHELLS,9995,12
367,64000,,,KELP,SEASHELLS,2016,1
368,64000,,,RAINFOREST_RESIN,SEASHELLS,9998,1
369,64200,,,RAINFOREST_RESIN,SEASHELLS,9996,1
370,64200,,,RAINFOREST_RESIN,SEASHELLS,9996,2
371,64400,,,RAINFOREST_RESIN,SEASHELLS,9998,4
372,64500,,,RAINFOREST_RESIN,SEASHELLS,9998,1
373,65000,,,RAINFOREST_RESIN,SEASHELLS,9998,1
374,65100,,,RAINFOREST_RESIN,SEASHELLS,9996,2
375,65100,,,RAINFOREST_RESIN,SEASHELLS,9996,1
376,65300,,,RAINFOREST_RESIN,SEASHELLS,10002,2
377,65400,,,KELP,SEASHELLS,2016,3
378,66000,,,RAINFOREST_RESIN,SEASHELLS,9998,1
379,66300,,,KELP,SEASHELLS,2018,1
380,66900,,,KELP,SEASHELLS,2017,1
381,67100,,,KELP,SEASHELLS,2018,9
382,67200,,,KELP,SEASHELLS,2015,1
383,67300,,,RAINFOREST_RESIN,SEASHELLS,9998,5
384,67500,,,KELP,SEASHELLS,2015,1
385,67600,,,KELP,SEASHELLS,2018,12
386,68000,,,KELP,SEASHELLS,2015,6
387,68100,,,RAINFOREST_RESIN,SEASHELLS,9998,2
388,68200,,,KELP,SEASHELLS,2017,1
389,68300,,,KELP,SEASHELLS,2017,1
390,68600,,,KELP,SEASHELLS,2015,1
391,68900,,,KELP,SEASHELLS,2017,1
392,69100,,,KELP,SEASHELLS,2017,1
393,69100,,,KELP,SEASHELLS,2015,8
394,69100,,,KELP,SEASHELLS,2015,1
395,69200,,,KELP,SEASHELLS,2017,2
396,69200,,,KELP,SEASHELLS,2017,1
397,69300,,,KELP,SEASHELLS,2017,1
398,69300,,,RAINFOREST_RESIN,SEASHELLS,9998,1
399,69600,,,KELP,SEASHELLS,2015,1
400,69700,,,KELP,SEASHELLS,2015,2
401,69700,,,RAINFOREST_RESIN,SEASHELLS,10002,1
402,70100,,,KELP,SEASHELLS,2015,1
403,70300,,,RAINFOREST_RESIN,SEASHELLS,9998,2
404,70600,,,KELP,SEASHELLS,2015,2
405,70600,,,RAINFOREST_RESIN,SEASHELLS,9996,1
406,70800,,,KELP,SEASHELLS,2015,1
407,71200,,,KELP,SEASHELLS,2015,1
408,71200,,,RAINFOREST_RESIN,SEASHELLS,10002,1
409,71500,,,KELP,SEASHELLS,2015,3
410,71500,,,RAINFOREST_RESIN,SEASHELLS,10002,3
411,71700,,,KELP,SEASHELLS,2014,8
412,71900,,,RAINFOREST_RESIN,SEASHELLS,10002,1
413,72000,,,KELP,SEASHELLS,2017,1
414,72400,,,RAINFOREST_RESIN,SEASHELLS,10002,1
415,72500,,,KELP,SEASHELLS,2017,1
416,72500,,,RAINFOREST_RESIN,SEASHELLS,10004,1
417,72900,,,KELP,SEASHELLS,2017,1
418,72900,,,RAINFOREST_RESIN,SEASHELLS,10004,1
419,73000,,,KELP,SEASHELLS,2014,1
420,73000,,,RAINFOREST_RESIN,SEASHELLS,10002,1
421,73100,,,RAINFOREST_RESIN,SEASHELLS,10002,1
422,73900,,,KELP,SEASHELLS,2015,5
423,73900,,,KELP,SEASHELLS,2015,3
424,74000,,,RAINFOREST_RESIN,SEASHELLS,10002,1
425,74300,,,KELP,SEASHELLS,2014,1
426,74900,,,RAINFOREST_RESIN,SEASHELLS,10002,1
427,75000,,,KELP,SEASHELLS,2016,1
428,75000,,,RAINFOREST_RESIN,SEASHELLS,9995,9
429,75000,,,RAINFOREST_RESIN,SEASHELLS,9998,1
430,75500,,,KELP,SEASHELLS,2014,2
431,75500,,,RAINFOREST_RESIN,SEASHELLS,9996,2
432,75600,,,RAINFOREST_RESIN,SEASHELLS,10002,1
433,75900,,,KELP,SEASHELLS,2014,6
434,76100,,,RAINFOREST_RESIN,SEASHELLS,9998,1
435,76200,,,KELP,SEASHELLS,2014,14
436,76900,,,KELP,SEASHELLS,2014,2
437,76900,,,KELP,SEASHELLS,2014,3
438,77000,,,KELP,SEASHELLS,2016,2
439,77000,,,RAINFOREST_RESIN,SEASHELLS,10002,2
440,77100,,,KELP,SEASHELLS,2015,2
441,77200,,,KELP,SEASHELLS,2014,1
442,77200,,,KELP,SEASHELLS,2012,10
443,77600,,,KELP,SEASHELLS,2012,3
444,77600,,,KELP,SEASHELLS,2012,7
445,77900,,,RAINFOREST_RESIN,SEASHELLS,10002,3
446,78100,,,KELP,SEASHELLS,2013,1
447,78100,,,KELP,SEASHELLS,2014,3
448,78100,,,RAINFOREST_RESIN,SEASHELLS,10002,1
449,78500,,,RAINFOREST_RESIN,SEASHELLS,10004,1
450,78500,,,RAINFOREST_RESIN,SEASHELLS,10004,10
451,78700,,,KELP,SEASHELLS,2013,2
452,78800,,,RAINFOREST_RESIN,SEASHELLS,10002,1
453,78900,,,KELP,SEASHELLS,2015,1
454,78900,,,RAINFOREST_RESIN,SEASHELLS,10002,1
455,79000,,,KELP,SEASHELLS,2013,3
456,79100,,,KELP,SEASHELLS,2013,1
457,79200,,,KELP,SEASHELLS,2014,5
458,79200,,,RAINFOREST_RESIN,SEASHELLS,9998,3
459,79400,,,KELP,SEASHELLS,2013,1
460,79600,,,KELP,SEASHELLS,2013,13
461,79900,,,KELP,SEASHELLS,2013,1
462,79900,,,RAINFOREST_RESIN,SEASHELLS,9998,3
463,80900,,,KELP,SEASHELLS,2013,1
464,81100,,,KELP,SEASHELLS,2015,1
465,81400,,,RAINFOREST_RESIN,SEASHELLS,10004,1
466,81800,,,RAINFOREST_RESIN,SEASHELLS,10002,1
467,81900,,,RAINFOREST_RESIN,SEASHELLS,9998,1
468,82500,,,KELP,SEASHELLS,2015,1
469,82600,,,KELP,SEASHELLS,2016,1
470,82600,,,KELP,SEASHELLS,2016,3
471,82800,,,KELP,SEASHELLS,2018,1
472,82800,,,RAINFOREST_RESIN,SEASHELLS,10002,1
473,83100,,,KELP,SEASHELLS,2016,1
474,83100,,,KELP,SEASHELLS,2016,3
475,83100,,,RAINFOREST_RESIN,SEASHELLS,9998,1
476,84100,,,RAINFOREST_RESIN,SEASHELLS,9996,1
477,84100,,,RAINFOREST_RESIN,SEASHELLS,9996,8
478,84200,,,KELP,SEASHELLS,2016,1
479,84200,,,RAINFOREST_RESIN,SEASHELLS,9996,2
480,84200,,,RAINFOREST_RESIN,SEASHELLS,9996,1
481,84300,,,RAINFOREST_RESIN,SEASHELLS,10004,2
482,84500,,,KELP,SEASHELLS,2015,1
483,85100,,,KELP,SEASHELLS,2018,14
484,85100,,,KELP,SEASHELLS,2015,13
485,85800,,,KELP,SEASHELLS,2015,1
486,85900,,,RAINFOREST_RESIN,SEASHELLS,9998,1
487,86100,,,RAINFOREST_RESIN,SEASHELLS,10002,1
488,86200,,,KELP,SEASHELLS,2015,3
489,86700,,,KELP,SEASHELLS,2015,1
490,86700,,,RAINFOREST_RESIN,SEASHELLS,9998,1
491,87200,,,RAINFOREST_RESIN,SEASHELLS,9996,1
492,87400,,,KELP,SEASHELLS,2015,1
493,87700,,,KELP,SEASHELLS,2013,1
494,87900,,,KELP,SEASHELLS,2017,1
495,87900,,,RAINFOREST_RESIN,SEASHELLS,10005,1
496,88000,,,KELP,SEASHELLS,2013,2
497,88000,,,RAINFOREST_RESIN,SEASHELLS,9996,2
498,88100,,,KELP,SEASHELLS,2017,8
499,88300,,,KELP,SEASHELLS,2014,1
500,88500,,,KELP,SEASHELLS,2016,1
501,88900,,,KELP,SEASHELLS,2014,1
502,89100,,,KELP,SEASHELLS,2014,1
503,89100,,,RAINFOREST_RESIN,SEASHELLS,9998,1
504,89200,,,RAINFOREST_RESIN,SEASHELLS,10002,1
505,89600,,,KELP,SEASHELLS,2016,6
506,89600,,,KELP,SEASHELLS,2016,2
507,89600,,,RAINFOREST_RESIN,SEASHELLS,9996,1
508,89800,,,KELP,SEASHELLS,2014,1
509,89900,,,KELP,SEASHELLS,2014,2
510,89900,,,RAINFOREST_RESIN,SEASHELLS,9995,2
511,90000,,,RAINFOREST_RESIN,SEASHELLS,9998,1
512,90000,,,RAINFOREST_RESIN,SEASHELLS,9998,1
513,90100,,,RAINFOREST_RESIN,SEASHELLS,10002,3
514,90300,,,RAINFOREST_RESIN,SEASHELLS,9998,1
515,90900,,,KELP,SEASHELLS,2017,1
516,91000,,,KELP,SEASHELLS,2017,1
517,91100,,,KELP,SEASHELLS,2015,1
518,91100,,,RAINFOREST_RESIN,SEASHELLS,9996,1
519,91200,,,KELP,SEASHELLS,2015,1
520,91200,,,RAINFOREST_RESIN,SEASHELLS,9995,1
521,91500,,,KELP,SEASHELLS,2015,15
522,91700,,,RAINFOREST_RESIN,SEASHELLS,9998,1
523,92100,,,RAINFOREST_RESIN,SEASHELLS,9998,1
524,92200,,,KELP,SEASHELLS,2015,8
525,92200,,,KELP,SEASHELLS,2015,2
526,92200,,,RAINFOREST_RESIN,SEASHELLS,9996,1
527,92200,,,RAINFOREST_RESIN,SEASHELLS,9996,1
528,92300,,,KELP,SEASHELLS,2018,12
529,92700,,,KELP,SEASHELLS,2015,1
530,92700,,,KELP,SEASHELLS,2016,1
531,92700,,,RAINFOREST_RESIN,SEASHELLS,10002,2
532,92700,,,RAINFOREST_RESIN,SEASHELLS,10002,1
533,92900,,,KELP,SEASHELLS,2016,1
534,92900,,,RAINFOREST_RESIN,SEASHELLS,9998,1
535,93200,,,KELP,SEASHELLS,2019,1
536,93300,,,KELP,SEASHELLS,2019,1
537,93400,,,RAINFOREST_RESIN,SEASHELLS,9998,3
538,93600,,,KELP,SEASHELLS,2023,1
539,93600,,,RAINFOREST_RESIN,SEASHELLS,10004,1
540,93800,,,RAINFOREST_RESIN,SEASHELLS,9998,1
541,94200,,,RAINFOREST_RESIN,SEASHELLS,10002,1
542,94300,,,RAINFOREST_RESIN,SEASHELLS,10002,1
543,94400,,,KELP,SEASHELLS,2023,1
544,94400,,,RAINFOREST_RESIN,SEASHELLS,10005,1
545,94600,,,RAINFOREST_RESIN,SEASHELLS,9998,1
546,94900,,,KELP,SEASHELLS,2023,6
547,95000,,,KELP,SEASHELLS,2023,1
548,95000,,,RAINFOREST_RESIN,SEASHELLS,10004,1
549,95000,,,RAINFOREST_RESIN,SEASHELLS,10005,1
550,95600,,,KELP,SEASHELLS,2018,1
551,95700,,,RAINFOREST_RESIN,SEASHELLS,10002,1
552,95800,,,RAINFOREST_RESIN,SEASHELLS,10005,7
553,96000,,,KELP,SEASHELLS,2016,2
554,96000,,,RAINFOREST_RESIN,SEASHELLS,9996,1
555,96200,,,KELP,SEASHELLS,2017,1
556,96200,,,RAINFOREST_RESIN,SEASHELLS,9998,5
557,96300,,,KELP,SEASHELLS,2016,1
558,96800,,,RAINFOREST_RESIN,SEASHELLS,10002,3
559,96900,,,KELP,SEASHELLS,2018,14
560,97100,,,KELP,SEASHELLS,2018,1
561,97100,,,RAINFOREST_RESIN,SEASHELLS,9995,1
562,97200,,,KELP,SEASHELLS,2018,10
563,97200,,,KELP,SEASHELLS,2019,3
564,97300,,,KELP,SEASHELLS,2018,1
565,97600,,,RAINFOREST_RESIN,SEASHELLS,10002,7
566,97700,,,KELP,SEASHELLS,2021,1
567,97900,,,KELP,SEASHELLS,2018,1
568,98400,,,KELP,SEASHELLS,2020,7
569,98800,,,KELP,SEASHELLS,2020,1
570,98800,,,RAINFOREST_RESIN,SEASHELLS,10002,1
571,98900,,,KELP,SEASHELLS,2021,15
572,99000,,,KELP,SEASHELLS,2018,1
573,99400,,,KELP,SEASHELLS,2022,2
574,99400,,,RAINFOREST_RESIN,SEASHELLS,10005,2
575,99800,,,KELP,SEASHELLS,2022,4
576,99900,,,KELP,SEASHELLS,2018,1
577,100000,,,KELP,SEASHELLS,2020,1
578,100000,,,RAINFOREST_RESIN,SEASHELLS,10004,1
579,100200,,,RAINFOREST_RESIN,SEASHELLS,9998,1
580,100500,,,RAINFOREST_RESIN,SEASHELLS,9995,8
581,100700,,,RAINFOREST_RESIN,SEASHELLS,10002,1
582,100900,,,KELP,SEASHELLS,2018,8
583,101200,,,KELP,SEASHELLS,2019,1
584,101200,,,KELP,SEASHELLS,2022,15
585,101200,,,KELP,SEASHELLS,2022,2
586,101200,,,RAINFOREST_RESIN,SEASHELLS,10005,2
587,101500,,,KELP,SEASHELLS,2019,1
588,101500,,,KELP,SEASHELLS,2022,2
589,101500,,,RAINFOREST_RESIN,SEASHELLS,9998,3
590,101500,,,RAINFOREST_RESIN,SEASHELLS,10004,2
591,101600,,,KELP,SEASHELLS,2019,5
592,101600,,,KELP,SEASHELLS,2019,1
593,102200,,,KELP,SEASHELLS,2021,1
594,102200,,,KELP,SEASHELLS,2021,2
595,102200,,,RAINFOREST_RESIN,SEASHELLS,10005,2
596,102300,,,RAINFOREST_RESIN,SEASHELLS,9998,4
597,102600,,,KELP,SEASHELLS,2019,2
598,102600,,,RAINFOREST_RESIN,SEASHELLS,9998,2
599,102600,,,RAINFOREST_RESIN,SEASHELLS,9998,1
600,102700,,,RAINFOREST_RESIN,SEASHELLS,10005,6
601,103400,,,RAINFOREST_RESIN,SEASHELLS,10002,1
602,104200,,,KELP,SEASHELLS,2019,1
603,104300,,,KELP,SEASHELLS,2019,1
604,104700,,,RAINFOREST_RESIN,SEASHELLS,10002,1
605,104900,,,KELP,SEASHELLS,2021,1
606,104900,,,RAINFOREST_RESIN,SEASHELLS,10004,1
607,105200,,,KELP,SEASHELLS,2018,1
608,105400,,,RAINFOREST_RESIN,SEASHELLS,10002,1
609,105700,,,KELP,SEASHELLS,2020,1
610,106000,,,KELP,SEASHELLS,2018,4
611,106100,,,RAINFOREST_RESIN,SEASHELLS,9996,2
612,106100,,,RAINFOREST_RESIN,SEASHELLS,9996,5
613,106200,,,KELP,SEASHELLS,2021,13
614,106300,,,KELP,SEASHELLS,2018,1
615,106300,,,KELP,SEASHELLS,2018,4
616,106300,,,KELP,SEASHELLS,2018,4
617,106300,,,RAINFOREST_RESIN,SEASHELLS,9998,1
618,106500,,,RAINFOREST_RESIN,SEASHELLS,10005,10
619,106600,,,RAINFOREST_RESIN,SEASHELLS,9998,2
620,107400,,,KELP,SEASHELLS,2019,1
621,107400,,,RAINFOREST_RESIN,SEASHELLS,9995,1
622,107600,,,KELP,SEASHELLS,2020,1
623,108100,,,RAINFOREST_RESIN,SEASHELLS,9998,1
624,108400,,,KELP,SEASHELLS,2019,1
625,108500,,,KELP,SEASHELLS,2017,1
626,108600,,,RAINFOREST_RESIN,SEASHELLS,9998,3
627,108600,,,RAINFOREST_RESIN,SEASHELLS,9998,1
628,109000,,,KELP,SEASHELLS,2017,1
629,109100,,,KELP,SEASHELLS,2017,1
630,109300,,,KELP,SEASHELLS,2017,1
631,109300,,,KELP,SEASHELLS,2020,11
632,109700,,,KELP,SEASHELLS,2018,1
633,110000,,,RAINFOREST_RESIN,SEASHELLS,9996,1
634,110100,,,KELP,SEASHELLS,2018,1
635,110400,,,KELP,SEASHELLS,2018,7
636,110400,,,RAINFOREST_RESIN,SEASHELLS,10005,10
637,111000,,,KELP,SEASHELLS,2021,1
638,111000,,,RAINFOREST_RESIN,SEASHELLS,9998,1
639,111100,,,KELP,SEASHELLS,2022,15
640,111100,,,RAINFOREST_RESIN,SEASHELLS,9998,4
641,111300,,,KELP,SEASHELLS,2019,1
642,111700,,,KELP,SEASHELLS,2019,1
643,112100,,,RAINFOREST_RESIN,SEASHELLS,9998,5
644,113000,,,RAINFOREST_RESIN,SEASHELLS,10002,6
645,113300,,,KELP,SEASHELLS,2018,5
646,113700,,,KELP,SEASHELLS,2018,1
647,113700,,,KELP,SEASHELLS,2018,6
648,113700,,,KELP,SEASHELLS,2018,6
649,113800,,,KELP,SEASHELLS,2021,13
650,113800,,,KELP,SEASHELLS,2017,2
651,113800,,,RAINFOREST_RESIN,SEASHELLS,10002,1
652,114100,,,KELP,SEASHELLS,2020,1
653,114400,,,RAINFOREST_RESIN,SEASHELLS,10002,2
654,114800,,,KELP,SEASHELLS,2021,15
655,115300,,,RAINFOREST_RESIN,SEASHELLS,9998,1
656,115700,,,KELP,SEASHELLS,2020,1
657,116000,,,KELP,SEASHELLS,2018,1
658,116000,,,KELP,SEASHELLS,2021,10
659,116200,,,KELP,SEASHELLS,2018,1
660,116200,,,RAINFOREST_RESIN,SEASHELLS,9995,1
661,116800,,,RAINFOREST_RESIN,SEASHELLS,10002,3
662,116900,,,RAINFOREST_RESIN,SEASHELLS,9996,1
663,116900,,,RAINFOREST_RESIN,SEASHELLS,9996,7
664,117500,,,KELP,SEASHELLS,2018,2
665,117700,,,KELP,SEASHELLS,2018,1
666,118100,,,RAINFOREST_RESIN,SEASHELLS,10002,1
667,118200,,,KELP,SEASHELLS,2017,1
668,118300,,,KELP,SEASHELLS,2018,1
669,118700,,,KELP,SEASHELLS,2017,10
670,119100,,,KELP,SEASHELLS,2019,2
671,119300,,,RAINFOREST_RESIN,SEASHELLS,9998,1
672,119600,,,KELP,SEASHELLS,2017,1
673,119800,,,KELP,SEASHELLS,2019,1
674,119800,,,KELP,SEASHELLS,2018,1
675,119800,,,RAINFOREST_RESIN,SEASHELLS,10000,1
676,119900,,,KELP,SEASHELLS,2017,1
677,120000,,,RAINFOREST_RESIN,SEASHELLS,10002,1
678,120300,,,KELP,SEASHELLS,2015,2
679,120300,,,RAINFOREST_RESIN,SEASHELLS,9996,2
680,120400,,,KELP,SEASHELLS,2015,2
681,120500,,,KELP,SEASHELLS,2015,3
682,120500,,,KELP,SEASHELLS,2015,5
683,120500,,,KELP,SEASHELLS,2015,1
684,120500,,,KELP,SEASHELLS,2015,4
685,120500,,,RAINFOREST_RESIN,SEASHELLS,10002,1
686,120600,,,KELP,SEASHELLS,2014,1
687,121100,,,KELP,SEASHELLS,2013,1
688,121500,,,KELP,SEASHELLS,2015,1
689,121500,,,RAINFOREST_RESIN,SEASHELLS,10002,1
690,121800,,,RAINFOREST_RESIN,SEASHELLS,10002,1
691,121900,,,KELP,SEASHELLS,2015,1
692,122300,,,KELP,SEASHELLS,2013,3
693,122300,,,KELP,SEASHELLS,2013,2
694,122600,,,KELP,SEASHELLS,2013,1
695,122800,,,KELP,SEASHELLS,2013,6
696,122900,,,KELP,SEASHELLS,2013,1
697,123000,,,KELP,SEASHELLS,2010,1
698,123000,,,RAINFOREST_RESIN,SEASHELLS,9998,1
699,123200,,,KELP,SEASHELLS,2012,4
700,123200,,,KELP,SEASHELLS,2014,1
701,123500,,,KELP,SEASHELLS,2013,15
702,123600,,,KELP,SEASHELLS,2010,7
703,123700,,,RAINFOREST_RESIN,SEASHELLS,10002,6
704,123800,,,KELP,SEASHELLS,2013,1
705,123800,,,RAINFOREST_RESIN,SEASHELLS,9998,1
706,124000,,,KELP,SEASHELLS,2014,2
707,124000,,,RAINFOREST_RESIN,SEASHELLS,10005,2
708,124500,,,KELP,SEASHELLS,2011,3
709,124600,,,KELP,SEASHELLS,2013,1
710,125200,,,RAINFOREST_RESIN,SEASHELLS,10002,4
711,125300,,,KELP,SEASHELLS,2012,1
712,125400,,,RAINFOREST_RESIN,SEASHELLS,9998,1
713,125400,,,RAINFOREST_RESIN,SEASHELLS,9998,1
714,125900,,,KELP,SEASHELLS,2014,6
715,126300,,,KELP,SEASHELLS,2013,2
716,126300,,,RAINFOREST_RESIN,SEASHELLS,9995,2
717,126400,,,KELP,SEASHELLS,2013,1
718,126400,,,KELP,SEASHELLS,2013,2
719,126400,,,RAINFOREST_RESIN,SEASHELLS,9995,2
720,126700,,,RAINFOREST_RESIN,SEASHELLS,10002,2
721,127000,,,KELP,SEASHELLS,2014,2
722,127000,,,RAINFOREST_RESIN,SEASHELLS,9995,2
723,127400,,,KELP,SEASHELLS,2016,2
724,127400,,,RAINFOREST_RESIN,SEASHELLS,10005,2
725,127500,,,KELP,SEASHELLS,2014,1
726,127900,,,RAINFOREST_RESIN,SEASHELLS,10004,2
727,127900,,,RAINFOREST_RESIN,SEASHELLS,10004,7
728,128200,,,RAINFOREST_RESIN,SEASHELLS,10002,1
729,128400,,,KELP,SEASHELLS,2013,1
730,128400,,,KELP,SEASHELLS,2014,2
731,128400,,,RAINFOREST_RESIN,SEASHELLS,9996,1
732,128700,,,RAINFOREST_RESIN,SEASHELLS,10005,6
733,128900,,,KELP,SEASHELLS,2015,1
734,128900,,,RAINFOREST_RESIN,SEASHELLS,10002,2
735,129600,,,KELP,SEASHELLS,2014,1
736,129700,,,KELP,SEASHELLS,2015,3
737,130300,,,RAINFOREST_RESIN,SEASHELLS,10002,1
738,130700,,,KELP,SEASHELLS,2016,1
739,130900,,,KELP,SEASHELLS,2014,2
740,131000,,,KELP,SEASHELLS,2016,1
741,131700,,,KELP,SEASHELLS,2013,9
742,131800,,,KELP,SEASHELLS,2014,4
743,131800,,,KELP,SEASHELLS,2014,1
744,131800,,,KELP,SEASHELLS,2014,12
745,132100,,,RAINFOREST_RESIN,SEASHELLS,9998,1
746,132100,,,RAINFOREST_RESIN,SEASHELLS,9998,3
747,132300,,,RAINFOREST_RESIN,SEASHELLS,10002,4
748,132400,,,KELP,SEASHELLS,2016,1
749,132400,,,RAINFOREST_RESIN,SEASHELLS,10004,1
750,132500,,,KELP,SEASHELLS,2013,14
751,132500,,,KELP,SEASHELLS,2013,1
752,132500,,,RAINFOREST_RESIN,SEASHELLS,9998,1
753,133000,,,KELP,SEASHELLS,2013,13
754,133100,,,RAINFOREST_RESIN,SEASHELLS,10004,1
755,133100,,,RAINFOREST_RESIN,SEASHELLS,10004,4
756,133100,,,RAINFOREST_RESIN,SEASHELLS,10002,5
757,133200,,,RAINFOREST_RESIN,SEASHELLS,9996,1
758,133400,,,KELP,SEASHELLS,2013,1
759,133400,,,RAINFOREST_RESIN,SEASHELLS,9998,2
760,133500,,,KELP,SEASHELLS,2015,1
761,133700,,,KELP,SEASHELLS,2013,1
762,134000,,,KELP,SEASHELLS,2015,1
763,134000,,,KELP,SEASHELLS,2014,2
764,134100,,,RAINFOREST_RESIN,SEASHELLS,9998,2
765,134200,,,RAINFOREST_RESIN,SEASHELLS,10002,1
766,134300,,,RAINFOREST_RESIN,SEASHELLS,10002,1
767,134600,,,RAINFOREST_RESIN,SEASHELLS,10004,1
768,134600,,,RAINFOREST_RESIN,SEASHELLS,10004,1
769,134700,,,RAINFOREST_RESIN,SEASHELLS,10004,1
770,134700,,,RAINFOREST_RESIN,SEASHELLS,10004,1
771,134700,,,RAINFOREST_RESIN,SEASHELLS,10002,4
772,134900,,,RAINFOREST_RESIN,SEASHELLS,9998,1
773,134900,,,RAINFOREST_RESIN,SEASHELLS,9998,1
774,135400,,,KELP,SEASHELLS,2013,9
775,135500,,,KELP,SEASHELLS,2015,1
776,135600,,,RAINFOREST_RESIN,SEASHELLS,10002,1
777,135900,,,KELP,SEASHELLS,2017,2
778,135900,,,RAINFOREST_RESIN,SEASHELLS,10005,2
779,136000,,,RAINFOREST_RESIN,SEASHELLS,9998,1
780,136300,,,RAINFOREST_RESIN,SEASHELLS,10002,1
781,136500,,,KELP,SEASHELLS,2014,1
782,136500,,,KELP,SEASHELLS,2014,1
783,136500,,,RAINFOREST_RESIN,SEASHELLS,10004,2
784,137000,,,RAINFOREST_RESIN,SEASHELLS,9996,1
785,137100,,,RAINFOREST_RESIN,SEASHELLS,10002,3
786,137400,,,RAINFOREST_RESIN,SEASHELLS,10002,3
787,137600,,,KELP,SEASHELLS,2015,1
788,137700,,,KELP,SEASHELLS,2014,3
789,137700,,,RAINFOREST_RESIN,SEASHELLS,9998,2
790,137900,,,KELP,SEASHELLS,2016,1
791,137900,,,RAINFOREST_RESIN,SEASHELLS,10004,1
792,138100,,,RAINFOREST_RESIN,SEASHELLS,9996,2
793,138100,,,RAINFOREST_RESIN,SEASHELLS,9996,7
794,138300,,,RAINFOREST_RESIN,SEASHELLS,9995,7
795,138500,,,KELP,SEASHELLS,2013,1
796,138500,,,KELP,SEASHELLS,2016,13
797,138600,,,KELP,SEASHELLS,2013,1
798,138600,,,KELP,SEASHELLS,2014,2
799,138900,,,KELP,SEASHELLS,2013,10
800,139000,,,KELP,SEASHELLS,2013,1
801,139400,,,KELP,SEASHELLS,2014,1
802,139400,,,KELP,SEASHELLS,2017,2
803,139400,,,RAINFOREST_RESIN,SEASHELLS,10004,1
804,139400,,,RAINFOREST_RESIN,SEASHELLS,10004,1
805,139400,,,RAINFOREST_RESIN,SEASHELLS,10002,5
806,139600,,,RAINFOREST_RESIN,SEASHELLS,9998,1
807,139700,,,KELP,SEASHELLS,2014,4
808,139700,,,KELP,SEASHELLS,2014,1
809,140100,,,KELP,SEASHELLS,2013,1
810,140600,,,KELP,SEASHELLS,2012,1
811,141600,,,RAINFOREST_RESIN,SEASHELLS,10002,1
812,142600,,,KELP,SEASHELLS,2013,1
813,142800,,,RAINFOREST_RESIN,SEASHELLS,9998,2
814,143100,,,KELP,SEASHELLS,2014,1
815,143100,,,RAINFOREST_RESIN,SEASHELLS,10002,1
816,143600,,,KELP,SEASHELLS,2013,1
817,143600,,,RAINFOREST_RESIN,SEASHELLS,9995,1
818,144000,,,KELP,SEASHELLS,2016,1
819,144200,,,KELP,SEASHELLS,2015,1
820,144600,,,RAINFOREST_RESIN,SEASHELLS,10002,2
821,145000,,,KELP,SEASHELLS,2012,1
822,145000,,,RAINFOREST_RESIN,SEASHELLS,9998,1
823,145300,,,RAINFOREST_RESIN,SEASHELLS,9998,3
824,145400,,,KELP,SEASHELLS,2012,1
825,145400,,,RAINFOREST_RESIN,SEASHELLS,9998,1
826,145500,,,KELP,SEASHELLS,2015,1
827,145500,,,RAINFOREST_RESIN,SEASHELLS,10002,1
828,145700,,,RAINFOREST_RESIN,SEASHELLS,10004,2
829,145700,,,RAINFOREST_RESIN,SEASHELLS,10004,8
830,146000,,,KELP,SEASHELLS,2012,6
831,146300,,,KELP,SEASHELLS,2012,15
832,146300,,,RAINFOREST_RESIN,SEASHELLS,9998,1
833,146400,,,KELP,SEASHELLS,2012,9
834,146500,,,KELP,SEASHELLS,2014,1
835,146500,,,RAINFOREST_RESIN,SEASHELLS,10005,1
836,146600,,,RAINFOREST_RESIN,SEASHELLS,10000,4
837,146900,,,KELP,SEASHELLS,2013,1
838,147200,,,KELP,SEASHELLS,2016,14
839,147600,,,KELP,SEASHELLS,2012,1
840,147700,,,RAINFOREST_RESIN,SEASHELLS,10002,1
841,147800,,,KELP,SEASHELLS,2014,1
842,148000,,,KELP,SEASHELLS,2015,9
843,148200,,,KELP,SEASHELLS,2013,1
844,148700,,,KELP,SEASHELLS,2013,1
845,148700,,,KELP,SEASHELLS,2016,2
846,148700,,,RAINFOREST_RESIN,SEASHELLS,10005,2
847,149500,,,KELP,SEASHELLS,2015,1
848,149700,,,KELP,SEASHELLS,2016,5
849,149800,,,KELP,SEASHELLS,2015,1
850,149800,,,RAINFOREST_RESIN,SEASHELLS,10002,2
851,149800,,,RAINFOREST_RESIN,SEASHELLS,10002,3
852,149900,,,KELP,SEASHELLS,2013,5
853,150000,,,RAINFOREST_RESIN,SEASHELLS,9996,1
854,150200,,,RAINFOREST_RESIN,SEASHELLS,9998,1
855,150400,,,KELP,SEASHELLS,2013,1
856,150500,,,RAINFOREST_RESIN,SEASHELLS,10002,1
857,150600,,,KELP,SEASHELLS,2013,1
858,151500,,,KELP,SEASHELLS,2014,1
859,151600,,,RAINFOREST_RESIN,SEASHELLS,10002,3
860,152200,,,KELP,SEASHELLS,2014,5
861,152300,,,KELP,SEASHELLS,2017,9
862,152300,,,KELP,SEASHELLS,2017,2
863,152300,,,RAINFOREST_RESIN,SEASHELLS,10004,2
864,152600,,,KELP,SEASHELLS,2013,1
865,153000,,,RAINFOREST_RESIN,SEASHELLS,9995,3
866,153300,,,KELP,SEASHELLS,2017,14
867,153500,,,KELP,SEASHELLS,2017,1
868,153500,,,RAINFOREST_RESIN,SEASHELLS,9998,1
869,153600,,,KELP,SEASHELLS,2017,14
870,154300,,,KELP,SEASHELLS,2015,6
871,154300,,,KELP,SEASHELLS,2015,2
872,154300,,,RAINFOREST_RESIN,SEASHELLS,9996,1
873,154700,,,KELP,SEASHELLS,2019,11
874,154800,,,RAINFOREST_RESIN,SEASHELLS,10002,1
875,154900,,,KELP,SEASHELLS,2015,15
876,155100,,,KELP,SEASHELLS,2015,1
877,155200,,,RAINFOREST_RESIN,SEASHELLS,10002,1
878,155500,,,RAINFOREST_RESIN,SEASHELLS,9998,1
879,155700,,,KELP,SEASHELLS,2016,1
880,155700,,,RAINFOREST_RESIN,SEASHELLS,10005,1
881,156200,,,KELP,SEASHELLS,2014,7
882,156500,,,RAINFOREST_RESIN,SEASHELLS,10002,3
883,156600,,,KELP,SEASHELLS,2015,1
884,156600,,,KELP,SEASHELLS,2015,2
885,156600,,,RAINFOREST_RESIN,SEASHELLS,9996,1
886,156600,,,RAINFOREST_RESIN,SEASHELLS,9996,1
887,156900,,,KELP,SEASHELLS,2015,1
888,157000,,,KELP,SEASHELLS,2015,1
889,157300,,,KELP,SEASHELLS,2015,4
890,157400,,,KELP,SEASHELLS,2014,9
891,157400,,,RAINFOREST_RESIN,SEASHELLS,10002,10
892,157500,,,KELP,SEASHELLS,2014,1
893,157700,,,KELP,SEASHELLS,2016,1
894,158100,,,KELP,SEASHELLS,2014,1
895,158200,,,RAINFOREST_RESIN,SEASHELLS,10002,1
896,158300,,,RAINFOREST_RESIN,SEASHELLS,9998,7
897,158800,,,KELP,SEASHELLS,2016,1
898,159200,,,RAINFOREST_RESIN,SEASHELLS,9995,9
899,159300,,,KELP,SEASHELLS,2014,1
900,160000,,,KELP,SEASHELLS,2018,2
901,160000,,,RAINFOREST_RESIN,SEASHELLS,10004,2
902,160300,,,RAINFOREST_RESIN,SEASHELLS,9998,1
903,160400,,,KELP,SEASHELLS,2017,1
904,160400,,,RAINFOREST_RESIN,SEASHELLS,9998,1
905,160500,,,KELP,SEASHELLS,2018,13
906,160600,,,RAINFOREST_RESIN,SEASHELLS,10002,1
907,161000,,,KELP,SEASHELLS,2015,8
908,161600,,,RAINFOREST_RESIN,SEASHELLS,9998,1
909,162400,,,KELP,SEASHELLS,2015,4
910,162600,,,KELP,SEASHELLS,2018,1
911,162900,,,RAINFOREST_RESIN,SEASHELLS,9995,4
912,163500,,,KELP,SEASHELLS,2016,2
913,163500,,,KELP,SEASHELLS,2016,2
914,163500,,,RAINFOREST_RESIN,SEASHELLS,10002,3
915,163800,,,KELP,SEASHELLS,2015,1
916,163800,,,KELP,SEASHELLS,2018,13
917,163900,,,KELP,SEASHELLS,2015,2
918,163900,,,RAINFOREST_RESIN,SEASHELLS,9996,1
919,164600,,,KELP,SEASHELLS,2018,1
920,164800,,,RAINFOREST_RESIN,SEASHELLS,10004,2
921,164800,,,RAINFOREST_RESIN,SEASHELLS,10004,6
922,165100,,,KELP,SEASHELLS,2018,1
923,165200,,,KELP,SEASHELLS,2017,6
924,166000,,,KELP,SEASHELLS,2019,1
925,166400,,,RAINFOREST_RESIN,SEASHELLS,9998,1
926,167000,,,KELP,SEASHELLS,2017,5
927,167100,,,RAINFOREST_RESIN,SEASHELLS,9996,1
928,167300,,,KELP,SEASHELLS,2016,11
929,167800,,,KELP,SEASHELLS,2019,1
930,167800,,,RAINFOREST_RESIN,SEASHELLS,9998,1
931,167900,,,RAINFOREST_RESIN,SEASHELLS,9998,1
932,168000,,,RAINFOREST_RESIN,SEASHELLS,10005,8
933,169000,,,KELP,SEASHELLS,2019,3
934,169900,,,KELP,SEASHELLS,2017,1
935,170200,,,KELP,SEASHELLS,2017,1
936,170200,,,RAINFOREST_RESIN,SEASHELLS,10002,3
937,171000,,,KELP,SEASHELLS,2019,3
938,171100,,,RAINFOREST_RESIN,SEASHELLS,10002,1
939,171400,,,RAINFOREST_RESIN,SEASHELLS,10002,5
940,171600,,,KELP,SEASHELLS,2018,4
941,171900,,,KELP,SEASHELLS,2017,1
942,171900,,,RAINFOREST_RESIN,SEASHELLS,10002,1
943,172100,,,RAINFOREST_RESIN,SEASHELLS,10002,1
944,172600,,,KELP,SEASHELLS,2017,2
945,172600,,,RAINFOREST_RESIN,SEASHELLS,9996,1
946,172700,,,RAINFOREST_RESIN,SEASHELLS,9998,3
947,173300,,,KELP,SEASHELLS,2017,2
948,173400,,,KELP,SEASHELLS,2017,2
949,173400,,,RAINFOREST_RESIN,SEASHELLS,10002,1
950,173400,,,RAINFOREST_RESIN,SEASHELLS,9996,1
951,173500,,,RAINFOREST_RESIN,SEASHELLS,9998,3
952,173800,,,KELP,SEASHELLS,2020,1
953,173900,,,RAINFOREST_RESIN,SEASHELLS,10005,9
954,174000,,,KELP,SEASHELLS,2017,1
955,174000,,,RAINFOREST_RESIN,SEASHELLS,9998,1
956,174300,,,RAINFOREST_RESIN,SEASHELLS,10002,1
957,174400,,,KELP,SEASHELLS,2017,1
958,175800,,,KELP,SEASHELLS,2020,1
959,175800,,,RAINFOREST_RESIN,SEASHELLS,10004,1
960,176000,,,KELP,SEASHELLS,2017,1
961,176000,,,KELP,SEASHELLS,2017,1
962,176000,,,RAINFOREST_RESIN,SEASHELLS,10002,1
963,176100,,,KELP,SEASHELLS,2021,2
964,176100,,,RAINFOREST_RESIN,SEASHELLS,10004,1
965,176100,,,RAINFOREST_RESIN,SEASHELLS,10004,1
966,176600,,,KELP,SEASHELLS,2018,1
967,176900,,,KELP,SEASHELLS,2018,5
968,177400,,,KELP,SEASHELLS,2018,1
969,177600,,,RAINFOREST_RESIN,SEASHELLS,9998,1
970,177700,,,KELP,SEASHELLS,2018,1
971,177700,,,RAINFOREST_RESIN,SEASHELLS,9996,1
972,177900,,,KELP,SEASHELLS,2018,14
973,178000,,,RAINFOREST_RESIN,SEASHELLS,9998,1
974,178700,,,KELP,SEASHELLS,2018,1
975,178800,,,KELP,SEASHELLS,2021,5
976,178900,,,KELP,SEASHELLS,2018,1
977,179000,,,KELP,SEASHELLS,2021,2
978,179000,,,RAINFOREST_RESIN,SEASHELLS,10004,1
979,179100,,,KELP,SEASHELLS,2018,1
980,179300,,,RAINFOREST_RESIN,SEASHELLS,9998,2
981,179600,,,RAINFOREST_RESIN,SEASHELLS,9998,4
982,179800,,,RAINFOREST_RESIN,SEASHELLS,9995,8
983,179900,,,RAINFOREST_RESIN,SEASHELLS,9996,2
984,180000,,,KELP,SEASHELLS,2020,11
985,180100,,,RAINFOREST_RESIN,SEASHELLS,9998,3
986,180300,,,RAINFOREST_RESIN,SEASHELLS,9998,4
987,180500,,,KELP,SEASHELLS,2020,6
988,180500,,,RAINFOREST_RESIN,SEASHELLS,10002,3
989,180800,,,RAINFOREST_RESIN,SEASHELLS,10002,1
990,180900,,,KELP,SEASHELLS,2021,11
991,180900,,,RAINFOREST_RESIN,SEASHELLS,9998,1
992,181000,,,KELP,SEASHELLS,2020,1
993,181400,,,KELP,SEASHELLS,2021,2
994,181400,,,RAINFOREST_RESIN,SEASHELLS,10002,1
995,181500,,,KELP,SEASHELLS,2018,1
996,181500,,,KELP,SEASHELLS,2018,2
997,181500,,,RAINFOREST_RESIN,SEASHELLS,9998,2
998,181600,,,KELP,SEASHELLS,2018,2
999,181700,,,KELP,SEASHELLS,2021,14
1000,181800,,,KELP,SEASHELLS,2018,1
1001,181900,,,RAINFOREST_RESIN,SEASHELLS,10002,1
1002,182000,,,RAINFOREST_RESIN,SEASHELLS,10002,1
1003,182100,,,KELP,SEASHELLS,2018,2
1004,182200,,,KELP,SEASHELLS,2020,1
1005,182300,,,RAINFOREST_RESIN,SEASHELLS,9996,1
1006,182500,,,RAINFOREST_RESIN,SEASHELLS,10002,4
1007,183100,,,KELP,SEASHELLS,2022,1
1008,183100,,,RAINFOREST_RESIN,SEASHELLS,10004,1
1009,183200,,,KELP,SEASHELLS,2019,9
1010,183500,,,KELP,SEASHELLS,2022,1
1011,183700,,,KELP,SEASHELLS,2023,8
1012,183900,,,RAINFOREST_RESIN,SEASHELLS,9995,6
1013,184000,,,KELP,SEASHELLS,2019,13
1014,184100,,,KELP,SEASHELLS,2022,1
1015,184600,,,KELP,SEASHELLS,2020,1
1016,184600,,,RAINFOREST_RESIN,SEASHELLS,9995,1
1017,184800,,,RAINFOREST_RESIN,SEASHELLS,10002,3
1018,184800,,,RAINFOREST_RESIN,SEASHELLS,10002,5
1019,185200,,,KELP,SEASHELLS,2024,10
1020,185400,,,KELP,SEASHELLS,2020,1
1021,185400,,,RAINFOREST_RESIN,SEASHELLS,9996,1
1022,185800,,,RAINFOREST_RESIN,SEASHELLS,9998,1
1023,186100,,,KELP,SEASHELLS,2022,1
1024,186100,,,KELP,SEASHELLS,2022,4
1025,186300,,,KELP,SEASHELLS,2021,10
1026,186300,,,RAINFOREST_RESIN,SEASHELLS,10004,1
1027,186300,,,RAINFOREST_RESIN,SEASHELLS,10004,10
1028,186400,,,KELP,SEASHELLS,2021,1
1029,187000,,,KELP,SEASHELLS,2022,3
1030,187300,,,KELP,SEASHELLS,2023,1
1031,187400,,,KELP,SEASHELLS,2023,1
1032,187700,,,KELP,SEASHELLS,2021,1
1033,187700,,,KELP,SEASHELLS,2024,15
1034,188000,,,RAINFOREST_RESIN,SEASHELLS,10002,1
1035,188400,,,RAINFOREST_RESIN,SEASHELLS,9998,1
1036,188500,,,RAINFOREST_RESIN,SEASHELLS,10002,1
1037,189000,,,KELP,SEASHELLS,2020,1
1038,189200,,,KELP,SEASHELLS,2021,3
1039,189500,,,KELP,SEASHELLS,2024,2
1040,189500,,,RAINFOREST_RESIN,SEASHELLS,9998,1
1041,189500,,,RAINFOREST_RESIN,SEASHELLS,10005,2
1042,189800,,,KELP,SEASHELLS,2023,2
1043,189800,,,RAINFOREST_RESIN,SEASHELLS,10004,1
1044,189800,,,RAINFOREST_RESIN,SEASHELLS,10004,1
1045,189900,,,KELP,SEASHELLS,2022,1
1046,190000,,,KELP,SEASHELLS,2020,9
1047,190300,,,KELP,SEASHELLS,2023,1
1048,190600,,,KELP,SEASHELLS,2020,1
1049,190700,,,KELP,SEASHELLS,2020,10
1050,190800,,,RAINFOREST_RESIN,SEASHELLS,9998,5
1051,190900,,,KELP,SEASHELLS,2024,1
1052,190900,,,KELP,SEASHELLS,2023,1
1053,190900,,,RAINFOREST_RESIN,SEASHELLS,10005,1
1054,190900,,,RAINFOREST_RESIN,SEASHELLS,10002,1
1055,191000,,,RAINFOREST_RESIN,SEASHELLS,10002,1
1056,191400,,,RAINFOREST_RESIN,SEASHELLS,9998,1
1057,191700,,,RAINFOREST_RESIN,SEASHELLS,10004,2
1058,191700,,,RAINFOREST_RESIN,SEASHELLS,10004,4
1059,191800,,,KELP,SEASHELLS,2022,1
1060,192000,,,KELP,SEASHELLS,2022,1
1061,192000,,,RAINFOREST_RESIN,SEASHELLS,10002,1
1062,192100,,,RAINFOREST_RESIN,SEASHELLS,9998,1
1063,192200,,,KELP,SEASHELLS,2019,5
1064,192200,,,RAINFOREST_RESIN,SEASHELLS,9998,2
1065,192400,,,KELP,SEASHELLS,2019,1
1066,192400,,,RAINFOREST_RESIN,SEASHELLS,9998,1
1067,192700,,,RAINFOREST_RESIN,SEASHELLS,9996,1
1068,192700,,,RAINFOREST_RESIN,SEASHELLS,9996,5
1069,193300,,,RAINFOREST_RESIN,SEASHELLS,10002,1
1070,193300,,,RAINFOREST_RESIN,SEASHELLS,10002,4
1071,193600,,,KELP,SEASHELLS,2021,14
1072,193700,,,RAINFOREST_RESIN,SEASHELLS,9998,1
1073,193800,,,KELP,SEASHELLS,2020,1
1074,194000,,,KELP,SEASHELLS,2018,1
1075,194300,,,KELP,SEASHELLS,2018,1
1076,194400,,,KELP,SEASHELLS,2021,2
1077,194400,,,RAINFOREST_RESIN,SEASHELLS,10002,2
1078,194600,,,KELP,SEASHELLS,2018,1
1079,195100,,,KELP,SEASHELLS,2018,2
1080,195100,,,KELP,SEASHELLS,2018,6
1081,195100,,,RAINFOREST_RESIN,SEASHELLS,10002,4
1082,195100,,,RAINFOREST_RESIN,SEASHELLS,10002,1
1083,195700,,,RAINFOREST_RESIN,SEASHELLS,10002,1
1084,195800,,,KELP,SEASHELLS,2021,1
1085,195800,,,RAINFOREST_RESIN,SEASHELLS,10004,1
1086,196000,,,RAINFOREST_RESIN,SEASHELLS,10002,1
1087,196500,,,KELP,SEASHELLS,2022,1
1088,197300,,,KELP,SEASHELLS,2023,1
1089,197300,,,RAINFOREST_RESIN,SEASHELLS,9996,1
1090,197300,,,RAINFOREST_RESIN,SEASHELLS,9996,1
1091,197500,,,KELP,SEASHELLS,2020,1
1092,197700,,,KELP,SEASHELLS,2024,2
1093,197700,,,RAINFOREST_RESIN,SEASHELLS,10002,2
1094,198500,,,KELP,SEASHELLS,2024,2
1095,198500,,,RAINFOREST_RESIN,SEASHELLS,9998,2
1096,198800,,,KELP,SEASHELLS,2021,1
1097,198900,,,KELP,SEASHELLS,2021,5
1098,198900,,,RAINFOREST_RESIN,SEASHELLS,10002,1
1099,199000,,,KELP,SEASHELLS,2020,2
1100,199000,,,RAINFOREST_RESIN,SEASHELLS,9996,2
1101,199100,,,KELP,SEASHELLS,2020,1
1102,199200,,,KELP,SEASHELLS,2021,2
1103,199400,,,KELP,SEASHELLS,2022,1
1104,199400,,,KELP,SEASHELLS,2021,2
1105,199400,,,KELP,SEASHELLS,2021,1
1106,199400,,,KELP,SEASHELLS,2021,3
1107,199400,,,RAINFOREST_RESIN,SEASHELLS,10004,1
1108,199500,,,RAINFOREST_RESIN,SEASHELLS,10002,1
1109,199600,,,KELP,SEASHELLS,2023,1
1110,199600,,,KELP,SEASHELLS,2023,1
1111,199600,,,RAINFOREST_RESIN,SEASHELLS,10002,2
